SQL> select object_name, object_type from user_objects;

OBJECT_NAME                                                                     
--------------------------------------------------------------------------------
OBJECT_TYPE                                                                     
-------------------                                                             
TRANSFERT                                                                       
PROCEDURE                                                                       
                                                                                
SUP_TABS_SCH                                                                    
PROCEDURE                                                                       
                                                                                
GRILLESALAIRES                                                                  
PROCEDURE                                                                       
                                                                                

OBJECT_NAME                                                                     
--------------------------------------------------------------------------------
OBJECT_TYPE                                                                     
-------------------                                                             
COLS_NAMES_TYPES                                                                
VIEW                                                                            
                                                                                
COLS_NAMES_RYPES                                                                
VIEW                                                                            
                                                                                
AUGSALAIRE                                                                      
FUNCTION                                                                        
                                                                                

OBJECT_NAME                                                                     
--------------------------------------------------------------------------------
OBJECT_TYPE                                                                     
-------------------                                                             
AUGMENTATION                                                                    
PROCEDURE                                                                       
                                                                                
AUGEMENTATION                                                                   
PROCEDURE                                                                       
                                                                                

8 rows selected.

SQL> col object_name for a30
SQL> col object_type for a30
SQL> select object_name,object_type from user_objects;

OBJECT_NAME                    OBJECT_TYPE                                      
------------------------------ ------------------------------                   
TRANSFERT                      PROCEDURE                                        
SUP_TABS_SCH                   PROCEDURE                                        
GRILLESALAIRES                 PROCEDURE                                        
COLS_NAMES_TYPES               VIEW                                             
COLS_NAMES_RYPES               VIEW                                             
AUGSALAIRE                     FUNCTION                                         
AUGMENTATION                   PROCEDURE                                        
AUGEMENTATION                  PROCEDURE                                        

8 rows selected.

SQL> desc user_views;
 Name                                      Null?    Type
 ----------------------------------------- -------- ----------------------------
 VIEW_NAME                                 NOT NULL VARCHAR2(30)
 TEXT_LENGTH                                        NUMBER
 TEXT                                               LONG
 TYPE_TEXT_LENGTH                                   NUMBER
 TYPE_TEXT                                          VARCHAR2(4000)
 OID_TEXT_LENGTH                                    NUMBER
 OID_TEXT                                           VARCHAR2(4000)
 VIEW_TYPE_OWNER                                    VARCHAR2(30)
 VIEW_TYPE                                          VARCHAR2(30)
 SUPERVIEW_NAME                                     VARCHAR2(30)
 EDITIONING_VIEW                                    VARCHAR2(1)
 READ_ONLY                                          VARCHAR2(1)

SQL> @SuppressionViews

Procedure created.

SQL> excu sup_views_sch;
SP2-0734: unknown command beginning "excu sup_v..." - rest of line ignored.
SQL> exec sup_views_sch;

PL/SQL procedure successfully completed.

SQL> select * from cat;

TABLE_NAME                     TABLE_TYPE                                       
------------------------------ -----------                                      
BIN$6Y/9OEHiCszgQAB/AQAXQw==$0 TABLE                                            
BIN$6Y/9OEHhCszgQAB/AQAXQw==$0 TABLE                                            
BIN$6Y/9OEHgCszgQAB/AQAXQw==$0 TABLE                                            
BIN$6Y/9OEHdCszgQAB/AQAXQw==$0 TABLE                                            
BIN$6Y/9OEHaCszgQAB/AQAXQw==$0 TABLE                                            

SQL> show all
appinfo is OFF and set to "SQL*Plus"
arraysize 15
autocommit OFF
autoprint OFF
autorecovery OFF
autotrace OFF
blockterminator "." (hex 2e)
btitle OFF and is the first few characters of the next SELECT statement
cmdsep OFF
colsep " "
compatibility version NATIVE
concat "." (hex 2e)
copycommit 0
COPYTYPECHECK is ON
define "&" (hex 26)
describe DEPTH 1 LINENUM OFF INDENT ON
echo OFF
editfile "afiedt.buf"
embedded OFF
escape OFF
escchar OFF
exitcommit ON
FEEDBACK ON for 6 or more rows
flagger OFF
flush ON
heading ON
headsep "|" (hex 7c)
instance "local"
linesize 80
lno 9
loboffset 1
logsource ""
long 80
longchunksize 80
markup HTML OFF HEAD "<style type='text/css'> body {font:10pt Arial,Helvetica,sans-serif; color:black; background:White;} p {font:10pt Arial,Helvetica,sans-serif; color:black; background:White;} table,tr,td {font:10pt Arial,Helvetica,sans-serif; color:Black; background:#f7f7e7; padding:0px 0px 0px 0px; margin:0px 0px 0px 0px;} th {font:bold 10pt Arial,Helvetica,sans-serif; color:#336699; background:#cccc99; padding:0px 0px 0px 0px;} h1 {font:16pt Arial,Helvetica,Geneva,sans-serif; color:#336699; background-color:White; border-bottom:1px solid #cccc99; margin-top:0pt; margin-bottom:0pt; padding:0px 0px 0px 0px;-
} h2 {font:bold 10pt Arial,Helvetica,Geneva,sans-serif; color:#336699; background-color:White; margin-top:4pt; margin-bottom:0pt;} a {font:9pt Arial,Helvetica,sans-serif; color:#663300; background:#ffffff; margin-top:0pt; margin-bottom:0pt; vertical-align:top;}</style><title>SQL*Plus Report</title>" BODY "" TABLE "border='1' width='90%' align='center' summary='Script output'" SPOOL OFF ENTMAP ON PREFORMAT OFF
newpage 1
null ""
numformat ""
numwidth 10
pagesize 14
PAUSE is OFF
pno 1
recsep WRAP
recsepchar " " (hex 20)
release 1102000100
repfooter OFF and is NULL
repheader OFF and is NULL
securedcol is OFF
serveroutput OFF
shiftinout INVISIBLE
showmode OFF
spool ON
sqlblanklines OFF
sqlcase MIXED
sqlcode 0
sqlcontinue "> "
sqlnumber ON
sqlpluscompatibility 11.2.0
sqlprefix "#" (hex 23)
sqlprompt "SQL> "
sqlterminator ";" (hex 3b)
suffix "sql"
tab ON
termout ON
timing OFF
trimout ON
trimspool OFF
ttitle OFF and is the first few characters of the next SELECT statement
underline "-" (hex 2d)
USER is "YJIN"
verify ON
wrap : lines will be wrapped
errorlogging is OFF
SQL> col object_name for a30
SQL> col object_type for a30
SQL> spool on
